Report Name : Monthly Price And Arrival Report,,,,,,,,,,,,,,,,,,,,,,,,,,,,,,,,,,
Current Date : 12/06/2023,,,,,,,,,,,,,,,,,,,,,,,,,,,,,,,,,,
Selected Month & Year : July - 2006,,,,,,,,,,,,,,,,,,,,,,,,,,,,,,,,,,
Crop Category : VEGETABLES,,,,,,,,,,,,,,,,,,,,,,,,,,,,,,,,,,
Crop Name : TOMATO,,,,,,,,,,,,,,,,,,,,,,,,,,,,,,,,,,
,,,,,,,,,,,,,,,,,,,,,,,,,,,,,,,,,,
S.No.,Center,Variety,Parameter,Day1,Day2,Day3,Day4,Day5,Day6,Day7,Day8,Day9,Day10,Day11,Day12,Day13,Day14,Day15,Day16,Day17,Day18,Day19,Day20,Day21,Day22,Day23,Day24,Day25,Day26,Day27,Day28,Day29,Day30,Day31
,Name,Name,Price,,,,,,,,,,,,,,,,,,,,,,,,,,,,,,,
,,,"(Rs/Qtl.,",,,,,,,,,,,,,,,,,,,,,,,,,,,,,,,
,,,Arrival(MT.)),,,,,,,,,,,,,,,,,,,,,,,,,,,,,,,
1,RANCHI / रांची,TOMATO LOCAL,Min.Price,,600,,,,,,,,,,,,,,,,,,,,,,,,,,,,,
,,,Max.Price,,700,,,,,,,,,,,,,,,,,,,,,,,,,,,,,
,,,Model.Price,,650,,,,,,,,,,,,,,,,,,,,,,,,,,,,,
,,,Retail.Price,,0,,,,,,,,,,,,,,,,,,,,,,,,,,,,,
,,,ArrivalQty,,8,,,,,,,,,,,,,,,,,,,,,,,,,,,,,
